"Timestamp","Name","Department","Description of our project
Would you use a web app that keeps record of your daily expenses. Give you (Students) smart insights and your family personalized recommendations for managing your unplanned expenses?","What feature do you like?"
"2025/07/20 6:26:43 PM GMT+5:30","Rakshita K ","Information Technology ","Yes! I would love to","Giving smart insights dynamically according to my expenses"
"2025/07/20 6:28:09 PM GMT+5:30","Sri Aishwariya K ","AIDS","Yes! I would love to","Personalized recommendation system;Giving smart insights dynamically according to my expenses;Community backup for interns;Multi-currency transactions tracker for freelancers;AI Predictions of unplanned event"
"2025/07/20 6:28:25 PM GMT+5:30","siva","btech ai&ds ","Yes! I would love to","Personalized recommendation system;Giving smart insights dynamically according to my expenses"
"2025/07/20 6:28:48 PM GMT+5:30","BUUVANESHWARAN G","AI & DS","Yes! I would love to","Giving smart insights dynamically according to my expenses;AI Predictions of unplanned event"
"2025/07/20 6:28:56 PM GMT+5:30","Sharli S","AI & DS","Yes! I would love to","Personalized recommendation system;Giving smart insights dynamically according to my expenses;Community backup for interns"
"2025/07/20 6:29:19 PM GMT+5:30","Aravinth S","Artificial intelligence and data science ","Yes! I would love to","Personalized recommendation system;Giving smart insights dynamically according to my expenses;AI Predictions of unplanned event"
"2025/07/20 6:30:29 PM GMT+5:30","Andrew","AIDS","Yes! I would love to","AI Predictions of unplanned event"
"2025/07/20 6:30:54 PM GMT+5:30","Niru","IT","Yes! I would love to","Personalized recommendation system;Community backup for interns;AI Predictions of unplanned event"
"2025/07/20 6:31:27 PM GMT+5:30","Tamilselvan M","B.Tech-Artificial intelligence and Data science ","Yes! I would love to","Personalized recommendation system;Giving smart insights dynamically according to my expenses;Multi-currency transactions tracker for freelancers;AI Predictions of unplanned event"
"2025/07/20 6:32:50 PM GMT+5:30","Priyadharshini R","Artificial Intelligence and Data Science ","No, not necessarily","Personalized recommendation system;Giving smart insights dynamically according to my expenses;AI Predictions of unplanned event"
"2025/07/20 6:33:16 PM GMT+5:30","Hemajothi ","Artificial intelligence and data science ","Yes! I would love to","Giving smart insights dynamically according to my expenses"
"2025/07/20 6:33:57 PM GMT+5:30","SANJIVKUMAR J","ARTIFICIAL INTELLIGENCE AND DATA SCIENCE ","Yes! I would love to","Personalized recommendation system"
"2025/07/20 6:34:13 PM GMT+5:30","Logeshwar R","Artificial Intelligence and Data Science ","Yes! I would love to","Personalized recommendation system;AI Predictions of unplanned event"
"2025/07/20 6:34:16 PM GMT+5:30","Harini. R","Artificial intelligence and data science","Yes! I would love to","Community backup for interns;Multi-currency transactions tracker for freelancers"
"2025/07/20 6:34:30 PM GMT+5:30","Priyamadhan GK","Artificial intelligence and data science ","Yes! I would love to","Personalized recommendation system"
"2025/07/20 6:34:46 PM GMT+5:30","YaduRaj.A","AI&DS","Yes! I would love to","Personalized recommendation system"
"2025/07/20 6:35:00 PM GMT+5:30","Thanush k","Artificial intelligence and data science","No, not necessarily","Multi-currency transactions tracker for freelancers"
"2025/07/20 6:35:16 PM GMT+5:30","Manojkumar P ","Artificial intelligence and data science ","No, not necessarily","AI Predictions of unplanned event"
"2025/07/20 6:35:16 PM GMT+5:30","Annie Maerlin H ","Artificial intelligence and data science ","Yes! I would love to","Giving smart insights dynamically according to my expenses;Multi-currency transactions tracker for freelancers;AI Predictions of unplanned event"
"2025/07/20 6:35:28 PM GMT+5:30","Vidhesh D","Artificial intelligence and data science ","No, not necessarily","AI Predictions of unplanned event"
"2025/07/20 6:35:32 PM GMT+5:30","NITYASRI R.S","ARTIFICIAL INTELLIGENCE AND DATA SCIENCE","Yes! I would love to","Personalized recommendation system;Multi-currency transactions tracker for freelancers;AI Predictions of unplanned event"
"2025/07/20 6:35:36 PM GMT+5:30","Harish R","Artificial Intelligence & Data Science","Yes! I would love to","Personalized recommendation system;Giving smart insights dynamically according to my expenses;Community backup for interns;Multi-currency transactions tracker for freelancers;AI Predictions of unplanned event"
"2025/07/20 6:35:39 PM GMT+5:30","Vishwa ","AI&DS","No, not necessarily","Personalized recommendation system;Giving smart insights dynamically according to my expenses;Community backup for interns;Multi-currency transactions tracker for freelancers;AI Predictions of unplanned event"
"2025/07/20 6:35:42 PM GMT+5:30","NAVEEN KUMAR S","Artificial Intelligence and Data Science","No, not necessarily","Personalized recommendation system;Giving smart insights dynamically according to my expenses;Community backup for interns;Multi-currency transactions tracker for freelancers;AI Predictions of unplanned event"
"2025/07/20 6:35:50 PM GMT+5:30","Abinayashri S ","Artificial intelligence and data science ","Yes! I would love to","Personalized recommendation system;Giving smart insights dynamically according to my expenses;Community backup for interns;AI Predictions of unplanned event"
"2025/07/20 6:35:59 PM GMT+5:30","Shivaani ","Artificial Intelligence  and Data Science ","Yes! I would love to","Personalized recommendation system;Giving smart insights dynamically according to my expenses;Community backup for interns"
"2025/07/20 6:36:22 PM GMT+5:30","Logapriya B ","Artificial intelligence and data science ","Yes! I would love to","Personalized recommendation system;Giving smart insights dynamically according to my expenses;Community backup for interns;Multi-currency transactions tracker for freelancers;AI Predictions of unplanned event"
"2025/07/20 6:36:30 PM GMT+5:30","Ragul ","AI&DS","No, not necessarily","Personalized recommendation system;Giving smart insights dynamically according to my expenses;Community backup for interns;Multi-currency transactions tracker for freelancers;AI Predictions of unplanned event"
"2025/07/20 6:36:47 PM GMT+5:30","Janani N","Artificial Intelligence and Data Science ","Yes! I would love to","Giving smart insights dynamically according to my expenses;AI Predictions of unplanned event"
"2025/07/20 6:37:42 PM GMT+5:30","Bavadharani R","Information technology ","Yes! I would love to","AI Predictions of unplanned event"
"2025/07/20 6:38:00 PM GMT+5:30","GANESH.I","ARTIFICIAL INTELLIGENCE AND DATA SCIENCE ","Yes! I would love to","Personalized recommendation system"
"2025/07/20 6:38:03 PM GMT+5:30","Jaidhar S","Artificial intelligence and data science ","Yes! I would love to","Personalized recommendation system;AI Predictions of unplanned event"
"2025/07/20 6:38:26 PM GMT+5:30","Pramila ","Artificial intelligence and data science ","Yes! I would love to","AI Predictions of unplanned event"
"2025/07/20 6:38:37 PM GMT+5:30","Ganesh Deepak N","Artificial Intelligence and Data Science ","Yes! I would love to","Personalized recommendation system;Giving smart insights dynamically according to my expenses"
"2025/07/20 6:38:55 PM GMT+5:30","R Dhaksha Charan","Artificial intelligence and data science","Yes! I would love to","Community backup for interns;AI Predictions of unplanned event"
"2025/07/20 6:39:07 PM GMT+5:30","Bhuvanesh. D","ARTIFICIAL INTELLIGENCE AND DATA SCIENCE ","Yes! I would love to","Personalized recommendation system"
"2025/07/20 6:39:49 PM GMT+5:30","Kaviyaa PS ","AI&DS","Yes! I would love to","Personalized recommendation system"
"2025/07/20 6:39:53 PM GMT+5:30","RATHNA PRASAD.D","ARTIFICIAL INTELLIGENCE AND DATA SCIENCE","Yes! I would love to","Personalized recommendation system;Giving smart insights dynamically according to my expenses;Community backup for interns"
"2025/07/20 6:40:09 PM GMT+5:30","Anitha R","Civil","Yes! I would love to","Giving smart insights dynamically according to my expenses;Multi-currency transactions tracker for freelancers"
"2025/07/20 6:40:25 PM GMT+5:30","Hemsakthyraam A ","Artificial Intelligence and Data Science","No, not necessarily","Personalized recommendation system"
"2025/07/20 6:41:03 PM GMT+5:30","LOKITHA K","ARTIFICIAL INTELLIGENCE AND DATA SCIENCE","Yes! I would love to","Personalized recommendation system"
"2025/07/20 6:41:17 PM GMT+5:30","HARINI P","AI & DS","Yes! I would love to","Community backup for interns"
"2025/07/20 6:41:57 PM GMT+5:30","Kaviya","Student ","Yes! I would love to","Personalized recommendation system"
"2025/07/20 6:42:48 PM GMT+5:30","Ravikanth","Artificial intelligence and data science","Yes! I would love to","Personalized recommendation system;AI Predictions of unplanned event"
"2025/07/20 6:43:14 PM GMT+5:30","Harini A","AI&DS","Yes! I would love to","Personalized recommendation system"
"2025/07/20 6:47:26 PM GMT+5:30","Harini","Artificial intelligence and data science ","Yes! I would love to","Personalized recommendation system;Multi-currency transactions tracker for freelancers;AI Predictions of unplanned event"
"2025/07/20 6:47:30 PM GMT+5:30","VIGNESH VIJAIRAJ S","AI&DS","No, not necessarily","AI Predictions of unplanned event"
"2025/07/20 6:48:10 PM GMT+5:30","M.saritha","BPES","Yes! I would love to","Personalized recommendation system"
"2025/07/20 6:48:11 PM GMT+5:30","Aruljothi ","Nursing Superintend ","Yes! I would love to","Giving smart insights dynamically according to my expenses"
"2025/07/20 6:48:55 PM GMT+5:30","Dhivyabharathy ","IT","Yes! I would love to","Personalized recommendation system;Giving smart insights dynamically according to my expenses;Community backup for interns;Multi-currency transactions tracker for freelancers;AI Predictions of unplanned event"
"2025/07/20 6:49:50 PM GMT+5:30","Pradeep ","Artificial intelligence and data science ","Yes! I would love to","AI Predictions of unplanned event"
"2025/07/20 6:49:52 PM GMT+5:30","VISHNULAKSHMI A","Artificial intelligence and data science ","Yes! I would love to","Personalized recommendation system;Giving smart insights dynamically according to my expenses;AI Predictions of unplanned event"
"2025/07/20 6:50:09 PM GMT+5:30","Dheshna","Cse","Yes! I would love to","Personalized recommendation system;Giving smart insights dynamically according to my expenses"
"2025/07/20 6:51:03 PM GMT+5:30","Indhuja S","Artificial intelligence and data science ","Yes! I would love to","Personalized recommendation system"
"2025/07/20 6:52:04 PM GMT+5:30","Bharani Dharan T","Artificial intelligence and data science ","No, not necessarily","Giving smart insights dynamically according to my expenses"
"2025/07/20 6:52:50 PM GMT+5:30","Sudeshnaa P","Information Technology ","Yes! I would love to","Personalized recommendation system;Community backup for interns"
"2025/07/20 6:53:45 PM GMT+5:30","Karthikeyan V","Artificial intelligence and Data science ","Yes! I would love to","Personalized recommendation system;Community backup for interns;Multi-currency transactions tracker for freelancers"
"2025/07/20 6:54:50 PM GMT+5:30","Pravin M","CSE","Yes! I would love to","Personalized recommendation system;Giving smart insights dynamically according to my expenses;Community backup for interns;Multi-currency transactions tracker for freelancers;AI Predictions of unplanned event"
"2025/07/20 6:55:14 PM GMT+5:30","S. Kanimozhi","AI&DS","Yes! I would love to","Personalized recommendation system"
"2025/07/20 6:55:22 PM GMT+5:30","S.Mohamed Nafeez","Artificial intelligence and data science ","Yes! I would love to","Personalized recommendation system"
"2025/07/20 6:57:25 PM GMT+5:30","Tharaniya ","Artificial intelligence and Data science ","Yes! I would love to","Multi-currency transactions tracker for freelancers"
"2025/07/20 6:59:26 PM GMT+5:30","Abdul kalam J ","Artificial intelligence and data science ","Yes! I would love to","Personalized recommendation system;Giving smart insights dynamically according to my expenses"
"2025/07/20 7:00:07 PM GMT+5:30","Lakshitha ","IT","Yes! I would love to","Personalized recommendation system"
"2025/07/20 7:01:26 PM GMT+5:30","Praveen Kumaran P ","Artificial intelligence and data science","Yes! I would love to","Giving smart insights dynamically according to my expenses;AI Predictions of unplanned event"
"2025/07/20 7:09:23 PM GMT+5:30","Chandiya.C","Artificial intelligence and data science ","Yes! I would love to","Personalized recommendation system;Giving smart insights dynamically according to my expenses"
"2025/07/20 7:09:37 PM GMT+5:30","Rindhiya.A","Artificial intelligence and data science ","Yes! I would love to","Personalized recommendation system;Giving smart insights dynamically according to my expenses"
"2025/07/20 7:11:21 PM GMT+5:30","ABBHISHEK BEHERA ","ARTIFICIAL INTELLIGENCE AND DATA SCIENCE ","Yes! I would love to","Personalized recommendation system;Giving smart insights dynamically according to my expenses;Community backup for interns;Multi-currency transactions tracker for freelancers;AI Predictions of unplanned event"
"2025/07/20 7:15:53 PM GMT+5:30","Dr Auxilia Michael","AI & DS","Yes! I would love to","Personalized recommendation system;Giving smart insights dynamically according to my expenses;AI Predictions of unplanned event"
"2025/07/20 7:19:04 PM GMT+5:30","HAFZAFARZANA ","Artificial Intelligence and Data Science ","Yes! I would love to","Personalized recommendation system"
"2025/07/20 7:19:15 PM GMT+5:30","Sagana K","Artificial Intelligence and Data Science ","Yes! I would love to","Personalized recommendation system"
"2025/07/20 7:20:04 PM GMT+5:30","Kavesh V","AIDS","No, not necessarily","Giving smart insights dynamically according to my expenses"
"2025/07/20 7:22:24 PM GMT+5:30","Rayyan","Artificial Intelligence & Data Science","Yes! I would love to","Personalized recommendation system;Giving smart insights dynamically according to my expenses;AI Predictions of unplanned event"
"2025/07/20 7:24:38 PM GMT+5:30","Kanchanadevi P","Aritificial intelligence and Data Science","Yes! I would love to","Giving smart insights dynamically according to my expenses;Community backup for interns;Multi-currency transactions tracker for freelancers"
"2025/07/20 7:24:43 PM GMT+5:30","Nithyasri.B","Artificial intelligence and data science ","Yes! I would love to","Multi-currency transactions tracker for freelancers"
"2025/07/20 7:25:15 PM GMT+5:30","Arun Kumaran A","AI & DS","No, not necessarily","Multi-currency transactions tracker for freelancers"
"2025/07/20 7:26:49 PM GMT+5:30","Keerthy","Medical","Yes! I would love to","Personalized recommendation system;Giving smart insights dynamically according to my expenses;AI Predictions of unplanned event"
"2025/07/20 7:27:23 PM GMT+5:30","Jassem ","","Yes! I would love to","Giving smart insights dynamically according to my expenses;Multi-currency transactions tracker for freelancers"
"2025/07/20 7:30:24 PM GMT+5:30","Sreya Biju K P","Artificial Intelligence and Data Science","Yes! I would love to","Giving smart insights dynamically according to my expenses;Community backup for interns;Multi-currency transactions tracker for freelancers"
"2025/07/20 7:30:43 PM GMT+5:30","VEDA M V","ARTIFICIAL INTELLIGENCE AND DATA SCIENCE","Yes! I would love to","Personalized recommendation system;Giving smart insights dynamically according to my expenses;Community backup for interns;Multi-currency transactions tracker for freelancers;AI Predictions of unplanned event"
"2025/07/20 7:34:35 PM GMT+5:30","Siddarth S","Artificial intelligence and data science ","Yes! I would love to","Multi-currency transactions tracker for freelancers"
"2025/07/20 7:36:38 PM GMT+5:30","PRIYADARSHINI K","AI&DS","Yes! I would love to","Personalized recommendation system"
"2025/07/20 7:38:53 PM GMT+5:30","Mahesh R","Artificial intelligence and data science ","Yes! I would love to","Giving smart insights dynamically according to my expenses"
"2025/07/20 7:39:09 PM GMT+5:30","Narmadha D ","Artificial Intelligence and Data Science ","Yes! I would love to","AI Predictions of unplanned event"
"2025/07/20 7:42:32 PM GMT+5:30","Kuberan M","AIDS","No, not necessarily","Personalized recommendation system;Giving smart insights dynamically according to my expenses;Multi-currency transactions tracker for freelancers;AI Predictions of unplanned event"
"2025/07/20 7:46:15 PM GMT+5:30","Muneshwaran S ","AI & DS","No, not necessarily","Community backup for interns"
"2025/07/20 7:46:24 PM GMT+5:30","Manikandan.C","AI&DS","Yes! I would love to","Personalized recommendation system;Giving smart insights dynamically according to my expenses;Community backup for interns"
"2025/07/20 7:48:56 PM GMT+5:30","Yalamanchili Venkata Sai Sasank","Artificial Intelligence and Data Science ","Yes! I would love to","Personalized recommendation system;Giving smart insights dynamically according to my expenses;Community backup for interns"
"2025/07/20 7:49:08 PM GMT+5:30","ANUSHREE N ","AI & DS ","Yes! I would love to","Personalized recommendation system;Giving smart insights dynamically according to my expenses"
"2025/07/20 7:49:34 PM GMT+5:30","Divyanand M","Artificial intelligence and data science ","Yes! I would love to","Personalized recommendation system"
"2025/07/20 7:52:27 PM GMT+5:30","Guralarasan G","Artificial Intelligence And Data Science","Yes! I would love to","Personalized recommendation system;Multi-currency transactions tracker for freelancers;AI Predictions of unplanned event"